Beneficio neto/Total Activo,Activo Corriente/Pasivo Corriente,(Activo Corriente-Pasivo Corriente)/Total Activo,Beneficio retenido / Total Activo = (Reservas año posterior – Reservas año actual) / Total Activo,(Beneficio neto + Gastos financieros + Impuestos) / Total Activo,Ventas / Total Activo,(Tesorería + Deudores) / Pasivo Corriente,Pasivo no corriente / Total Activo,Activo corriente / Total Activo,Beneficio neto / Patrimonio neto,Total deudas / Total activo,Tesorería / Total Activo,(Beneficio neto + Dotación amortizaciones – Deudores año actual – Existencias año actual + Deudores año anterior + Existencias año anterior) / Total deudas,CNAE,Fracaso
0.004075851,10.42657547,0.52029878,0.725242319,-0.099283174,0.012197137,9.850882389,0.21898337,0.575493668,0.005615499,0.274178259,0.0714495,-1.482546984,72,0
0.068598793,4.704215907,0.41489173,0.403208405,-0.059996167,0.176332028,4.642266997,0.166896102,0.526897009,0.095130926,0.278901379,0.056209436,-1.203730778,72,0
4.75527E-05,7.275247424,0.50889567,0.447191882,0.003179289,0.311837574,4.691823532,0.24097291,0.589991384,7.01438E-05,0.322068624,0.047474643,-1.097888637,72,0
0.008097854,1.39947213,0.27017690,0.312171819,0.022954607,1.568746451,1.001461167,0,0.946511687,0.025019228,0.676334789,0.02633875,-0.860807704,59,1
0.034044821,3.208973499,0.59239563,0.103761463,0.063511439,0.691581516,0.667215737,0.487533088,0.86057252,0.139362304,0.755709974,0.044489476,-0.758296765,25,0
0.027437937,1.307463995,0.21673547,0.05192354,0.05429906,0.785846543,0.529848958,0.19862213,0.921648802,0.284435481,0.903535463,0.072199079,-0.71939424,73,0
-0.83059417,0.56625,-0.39380229,-0.463199448,-0.821213527,0.943919737,0.195460963,0.400023376,0.514099243,2.697391943,1.30792491,0.000493917,-0.691153282,32,0
0.027017559,5.571369225,0.63908337,0.546687138,0.036441484,0.714406193,4.517973784,0.278306993,0.778884674,0.046430562,0.418108295,0.275959198,-0.668592116,58,0
0.008331573,0.719603216,-0.26896946,0.01439791,0.029873945,1.087594692,0.538211851,0.021158406,0.690276422,0.425173269,0.980404288,0.002567043,-0.61466448,29,0
0.015802312,1.590742333,0.28075370,0.176536218,0.032266412,1.192270654,1.590742333,0.222476756,0.756009474,0.052279234,0.697732527,0.128586276,-0.521893158,62,0
0.012238512,1.136939392,0.10651300,0.090623678,0.037901535,1.723192212,1.132041895,0.074742227,0.88432422,0.083002961,0.852553452,0.003179466,-0.511057555,82,0
0.005699167,1.48373747,0.17800845,0.197484425,0.035065016,1.291612855,1.01252932,0.381179404,0.545994099,0.022720787,0.749165055,0.000152047,-0.491856075,22,0
0.142897661,1.513858891,0.31870242,0.364162229,0.212383431,1.247088202,1.204763046,0.00919855,0.938916309,0.385597565,0.629412438,0.059730545,-0.457281697,46,0
0.019327293,1.300274291,0.21497132,0.268568501,0.030915928,1.6794344,1.283489637,0.01135234,0.930887817,0.07086573,0.727268838,0.151412066,-0.443295287,46,0
0.044134981,1.365241436,0.22006378,0.138150055,0.0925501,0.727888456,1.22883469,0.203873772,0.822579707,0.227957809,0.806389697,0.040118177,-0.415171736,43,0
0.053702543,2.074698887,0.27645054,0.33558795,0.078161993,0.673615006,1.671381589,0.355966359,0.533685895,0.138838625,0.613201709,0.084254681,-0.402050418,22,0
0.012189168,0.854562725,-0.11716847,0.099529059,0.037128424,1.618324687,0.292204342,0.081511596,0.6884604,0.108002996,0.887140463,0.030552154,-0.393845505,47,0
0.014338924,0.966950071,-0.01992204,-0.004682362,0.073315586,0.994200109,0.89953732,0.265780322,0.582864083,0.10909637,0.868566444,0.002983744,-0.3889619,47,0
0.013146369,1.523028315,0.29780789,0.394102833,0.029325644,1.751508265,1.141313749,0,0.867199405,0.030529748,0.569391519,0.031259844,-0.386355056,43,0
0.036866519,1.236934276,0.17397906,0.110244072,0.089098062,3.251334157,0.869387779,0.056175489,0.908271557,0.175946041,0.790467985,0.094666623,-0.381567672,46,0
0.052528325,1.611517217,0.32959036,0.110476946,0.072425663,2.242186078,0.985597851,0.338396321,0.868561882,0.428326407,0.87736784,0.409341515,-0.381315064,23,0
0.0046079,0.808326837,-0.12825738,0.078855963,0.033706148,0.912848679,0.465793752,0.095770989,0.540888889,0.019601187,0.764917261,0.020142508,-0.370126482,46,0
0.016544877,2.688550145,0.60727943,0.41050854,0.023247655,0.33832338,2.688550145,0.225606826,0.966924911,0.039891425,0.585252307,0.730848801,-0.365084566,72,0
0.025042997,1.560072624,0.20540899,-0.042138114,0.044851735,0.306515372,1.081233268,0.440213255,0.572163199,0.12973459,0.806967462,0.003568014,-0.36357748,28,0
0.06103009,1.060569765,0.04728705,0.098454235,0.154118544,1.809425599,0.13108636,0.110337607,0.827990855,0.560121912,0.891041416,0.008193741,-0.348012177,31,0
0.007134025,0.813248181,-0.17498431,0.015302007,0.039345572,0.766900029,0.676292515,0.044761724,0.762004185,0.390889665,0.981750214,0.024317512,-0.339143738,29,0
0.002998073,3.97336707,0.26468234,0.276695419,0.025533502,0.447808467,3.001747689,0.392293234,0.353700058,0.005780097,0.481310949,0.009127145,-0.337954881,10,0
0.045644752,1.349646349,0.18939300,0.124224268,0.071001016,1.927875385,0.902709985,0.325403468,0.731063162,0.34337625,0.867073633,0.018661006,-0.333678448,23,0
0.043262286,1.289940828,0.20118103,0.158476316,0.117697747,1.109942469,0.694791438,0.088247966,0.895050308,0.198557636,0.782117242,0.060749677,-0.326636423,46,0
0.015768034,1.652692747,0.29193153,0.527114664,0.022029931,1.10954763,1.642831469,0.022822984,0.739204044,0.02975637,0.4700955,0.158290449,-0.325064255,28,0
0.055508725,1.043323386,0.03897383,0.080041995,0.094559094,1.905235333,1.043206681,0,0.9385764,0.552889902,0.899602571,0.259109467,-0.323179154,47,0
0.022779051,1.074536654,0.05732885,0.114291246,0.05082175,0.965700446,0.883323762,0.037671413,0.826465221,0.117908741,0.806807782,0.064486909,-0.314035856,43,0
0.02660918,1.227691049,0.18123721,0.189724502,0.030135253,0.639554087,0.323822931,0.013917287,0.97721585,0.139971552,0.809895926,0.013163956,-0.296642868,43,0
-0.218668303,1.69558025,0.16058120,-0.165962618,-0.189075421,0.158653362,1.438110489,0.599848303,0.391440545,-1.291658817,0.830707648,0.00721119,-0.284579794,02,1
0.047641713,1.252362891,0.19651417,0.201647282,0.072268448,0.745324338,0.52033706,0.019149825,0.975210961,0.235671304,0.797846613,0.042903588,-0.268395503,43,0
0.015576871,1.213666804,0.12477763,0.111126787,0.054107585,0.730160685,0.49981952,0.258505385,0.708759915,0.098893028,0.842487672,0.003761766,-0.266325311,01,0
0.030525466,1.332569213,0.20816876,0.134112718,0.054322308,0.649505707,1.145878904,0.212324542,0.834109939,0.188738298,0.838265716,0.055323258,-0.265122735,71,0
0.000122837,0.738008562,-0.14155433,0.000131419,0.002963547,0.047391796,0.727392239,0.327646541,0.398747029,0.000930218,0.8679479,0.168547358,-0.255137862,17,0
-0.085157373,1.060508634,0.04893828,0.035697634,-0.095779831,1.543058927,0.647666097,0.069050449,0.857720035,-0.697050332,0.877832205,0.038621075,-0.245967476,46,1
0.028302807,1.245510327,0.17643241,0.154691674,0.092677209,1.154557022,0.5849572,0.075967644,0.895067781,0.137795635,0.794603019,0.016055539,-0.238631801,46,0
0.038673993,1.860710988,0.22757676,0.122992964,0.067767629,0.634339952,0.818740283,0.294118821,0.491982307,0.08760162,0.558524368,0.037638143,-0.237377875,47,0
-0.222185527,1.211549569,0.09473638,-0.365558511,-0.252205109,1.513078677,0.690370138,0.438391396,0.542557575,-1.952637189,0.886212591,0.037944237,-0.229442348,47,1
0.046051952,1.030409176,0.01696672,0.109658272,0.066263663,0.691239549,0.927463738,0.262265916,0.57491424,0.256147899,0.820213432,0.109382381,-0.22512059,43,0
0.012821075,1.175252927,0.12193033,-0.005718898,0.064145036,1.146929545,0.674297824,0.043386111,0.817669509,0.049146616,0.739125292,0.01685471,-0.21762117,16,1
0.023554515,1.186909778,0.09534851,0.018310022,0.033045876,0.694761791,1.088824806,0.213900906,0.605479724,0.085352379,0.724032118,0.211117268,-0.213219303,25,0
-0.244743236,0.595161858,-0.31336242,-0.367110394,-0.319641644,1.059465624,0.083221398,0.163045747,0.460681295,-3.890342815,0.93708946,0.040119647,-0.212037221,47,1
0.03493548,1.173661172,0.12516527,0.096257721,0.073817413,1.640894212,1.155790121,0.081894769,0.845909426,0.177013018,0.80263892,0.003072345,-0.211015481,62,0
-0.036830431,1.131651612,0.08482616,-0.108363646,-0.067168472,0.390603533,0.801904299,0.299686157,0.729149157,-0.657789401,0.944009153,0.184668007,-0.209298764,41,1
0.030614105,1.162011539,0.12259590,-0.013211674,0.080857536,2.175499064,1.155974053,0.135919411,0.87930679,0.28512799,0.892630305,0.02534109,-0.207406306,62,0
0.044403934,1.295939771,0.18321411,0.160736748,0.085968095,1.225103257,1.150557959,0.178698469,0.802306666,0.219594278,0.797791026,0.023558543,-0.203175338,71,0
-0.261312698,0.861415608,-0.01501282,-0.299788452,-0.261108228,0.658983312,0.861415608,1.179634785,0.093316976,0.90743497,1.287964579,0.052049419,-0.198928408,62,1
0.063970141,1.317993145,0.21626058,0.207211318,0.126920137,3.147027886,1.04412172,0.05340943,0.896339968,0.24002798,0.733488815,0.09616429,-0.196087897,46,0
0.229034381,2.238255308,0.50968950,0.240756903,0.276246359,1.025829585,2.22589104,0.342805302,0.921308567,0.932636878,0.754424371,0.345641448,-0.195299432,71,0
0.003331009,1.004973752,0.00408858,0.013680372,0.037247468,1.098518378,0.556019475,0.113261292,0.826120427,0.051478455,0.935293136,0.00562482,-0.195259097,25,0
0.013745868,1.23714749,0.15437911,0.208302052,0.048597286,1.258733088,1.144591474,0.110722253,0.805362634,0.057684435,0.761705778,0.074316449,-0.193004193,59,1
0.046046118,1.357447555,0.20733387,0.224078222,0.073560474,0.950474713,1.087833234,0.068179303,0.787373841,0.130894373,0.648219274,0.050422908,-0.187845219,61,0
0.003093811,4.957393737,0.60934949,0.553306467,0.005902388,0.902473637,4.956715118,0.284512022,0.76332697,0.005509801,0.438489497,0.327661581,-0.184238068,72,0
0.006551166,1.505777872,0.14304580,0.046463168,0.039075349,0.257053648,0.955413879,0.428115285,0.425869161,0.022663582,0.710938648,0.000792214,-0.182240348,31,0
0.00728978,1.846783596,0.21808636,0.065458412,0.017960577,0.471159645,0.994249631,0.555331326,0.475633107,0.038957304,0.812878073,0.028759812,-0.180601892,62,0
-0.19505137,0.97466692,-0.01829211,-0.719612725,-0.171826362,1.779792988,0.385349629,0.518968259,0.703772177,0.809232493,1.241032549,0.130376218,-0.177921694,45,1
0.028229567,0.99133086,-0.00503796,0.100255772,0.068540093,0.826725932,0.467161818,0.208598537,0.576098945,0.134257358,0.78973544,0.008194713,-0.176378399,22,0
-0.079343969,1.134911288,0.04250759,-0.249196251,-0.090938925,0.017962711,1.04157609,0.437990394,0.357585679,-0.321319731,0.753068482,0.050527812,-0.175795126,13,1
0.001418878,6.738843664,0.58907698,0.18266294,0.016433611,1.222796913,6.738843664,0.551556008,0.691724316,0.004103214,0.654203339,0.490392584,-0.173070681,74,0
0.110750734,1.897950516,0.42109544,0.310361118,0.142342336,0.685277225,1.359953952,0.163389603,0.890047166,0.301232481,0.632341327,0.004818417,-0.172601941,26,0
0.03076218,2.669352943,0.34746678,0.278744762,0.062237925,0.808607718,0.959298982,0.283352487,0.55561137,0.06049559,0.491497075,0.039275142,-0.164446025,47,0
0.012576442,1.250171108,0.11045970,0.026099381,0.027994792,0.753117819,1.250171108,0.241761669,0.551996287,0.03971053,0.683298258,0.105237646,-0.159811487,46,0
0.005641717,1.073808554,0.04948718,0.170644959,0.047933113,0.917011615,0.705809285,0.137158889,0.71996746,0.029328827,0.80763917,0.103796467,-0.157479117,13,0
0.177385231,1.453341458,0.27992229,0.331545273,0.237400986,1.671568733,1.075159277,0.029791401,0.897386864,0.502872391,0.647255975,0.11407323,-0.156317885,43,0
0.003470895,1.024779149,0.01667696,0.125775949,0.046890157,0.672219035,0.614203301,0.158515248,0.689700794,0.020603551,0.831539084,0.001952674,-0.154739824,28,0
0.023881853,1.133235403,0.08693001,0.141959263,0.067973407,1.308581787,0.772778963,0.083190628,0.739384285,0.090340004,0.735644905,0.006179709,-0.15067999,43,0
8.16885E-05,3.323545134,0.38432394,0.414900022,0.015727235,0.262088457,3.263163073,0.114440484,0.549728057,0.000113432,0.279844604,0.430384539,-0.150204503,72,0
-0.087766015,2.987080377,0.40733156,-0.095096131,-0.087766015,0,2.987080377,0.361802355,0.612321541,-0.202595711,0.566792333,0.551379552,-0.148284799,71,1
0.001926403,1.698169625,0.24278191,0.293546714,0.010076698,0.623729254,1.547638704,0.302509779,0.590522493,0.005507949,0.650250361,0.280684005,-0.147435474,61,0
0.031501016,1.066312471,0.04751681,0.058563228,0.069161112,2.279404002,0.309364051,0.208440566,0.764076042,0.420012398,0.924999795,0.153878552,-0.137151998,31,0
0.002695155,0.859758337,-0.04310685,0.191524713,-0.000472279,0.077709943,0.280524133,0.401117655,0.264268634,0.009245598,0.708493138,0.002658798,-0.129819613,03,0
0.000968445,1.261680334,0.08413997,-0.087179309,0.036804664,0.371340635,0.378132508,0.620962519,0.405677204,0.016842457,0.942499753,0.00013507,-0.121789894,26,0
0.013460186,0.866649093,-0.05562963,0.177608763,0.044354205,0.436887794,0.611648511,0.201771689,0.3615376,0.035322909,0.618938917,0.009044674,-0.115521107,22,1
0.082643382,1.060220961,0.03988361,0.223509186,0.1151354,1.048053271,0.561045391,0.095313169,0.702171424,0.34093943,0.757600984,0.04875125,-0.113306167,28,0
0.001837832,10.78271724,0.64422241,-0.024461026,0.035827425,0.074072493,1.778887356,0.715808532,0.710075527,0.008417345,0.781661648,0.000799321,-0.112921993,01,0
0.065012441,1.543881918,0.21881228,0.185841329,0.097940693,1.046726799,1.500591224,0.314624426,0.621128061,0.229677415,0.716940208,0.047818172,-0.110638206,62,0
0.066471842,1.965093974,0.34988832,0.132104275,0.110719046,1.470981606,1.936005619,0.337190438,0.712431581,0.221376299,0.699733701,0.130939108,-0.108831699,62,0
0.005914732,0.887347719,-0.07219404,0.106115026,0.0326491,0.929394246,0.54352377,0.199662579,0.568663308,0.037087622,0.84051993,0.003672177,-0.108610008,28,0
0.096012094,1.861571403,0.43894804,0.410348612,0.145875435,2.261808593,1.667471027,0.000899627,0.948421827,0.196091955,0.510373411,0.044918031,-0.108252565,28,0
0.028570051,1.0421397,0.03091141,0.155654857,0.068859703,1.004878082,0.664615187,0.046672909,0.764457448,0.129993237,0.780218947,0.01247395,-0.102096405,27,0
0.009451412,1.191631124,0.10043989,0.13354597,0.01984618,0.747179514,0.994715085,0.19055872,0.624571269,0.033126791,0.714690102,0.056480184,-0.101307636,71,0
0.016562723,2.945229783,0.41510114,0.327161616,0.007502017,0.311267904,2.625357041,0.381304181,0.628495543,0.040865198,0.594698581,0.078979261,-0.10094259,86,0
0.028302305,1.38340199,0.22101223,0.2429404,0.042920803,2.124057002,1.354602979,0.027783411,0.797462617,0.071512688,0.604233801,0.5314702,-0.100823652,82,1
0.06531027,1.777825728,0.23688834,0.167535439,0.099943522,0.827075461,1.014950439,0.174117062,0.541440283,0.125276016,0.478669007,0.017649338,-0.100506715,59,0
0.052966205,1.574727233,0.15444734,-0.054558874,0.077421356,0.010364318,0.306976099,0.650389839,0.423178888,0.654880881,0.919121388,0.052878936,-0.094979522,01,0
0.034077914,1.010494187,0.00338074,0.123079054,0.065751113,0.531889783,0.903993466,0.407265913,0.325534511,0.125943803,0.729419682,0.025275487,-0.094545572,25,0
0.024731123,1.085904851,0.04701484,0.128768987,0.066491585,0.801994325,0.493761395,0.214881937,0.594304557,0.103987283,0.762171653,0.017515198,-0.091584273,22,0
-0.177466488,0.916486905,-0.03933040,-0.233463122,-0.206340976,0.170453962,0.514797982,0.613732634,0.431618492,2.095693097,1.084681525,0.029370273,-0.087824892,16,1
0.044834483,1.058067401,0.03101400,0.218180054,0.067326348,0.443412137,0.853168837,0.142413659,0.565117459,0.138599243,0.676517119,0.010231038,-0.086557977,71,0
0.002161396,1.515162927,0.26801893,0.07174174,0.074572397,0.815912424,0.75734517,0.38567918,0.788279457,0.022978835,0.905939703,0.015184046,-0.084769906,11,0
0.004459879,1.514065355,0.10102481,0.005153656,0.031475689,0.098346138,1.156549246,0.479969776,0.297546155,0.013785956,0.676491118,0.124891416,-0.083844905,08,0
0.020301343,1.34229618,0.17220144,0.106373496,0.061845538,0.679186376,0.995081649,0.275074337,0.675278765,0.091509981,0.778151657,0.037870503,-0.083728744,71,0
-0.580179155,0.412824264,-0.56671125,-0.684487392,-0.527038829,1.872979837,0.302800883,0.253321743,0.398436343,2.655654914,1.218469332,0.000800844,-0.081667731,10,1
0.16664764,1.499562388,0.27632092,0.313672559,0.225119818,1.263049411,1.433247639,0.061222615,0.829446871,0.43211985,0.614348566,0.278614716,-0.081175094,96,0
0.040931968,1.253188357,0.16561159,0.127061378,0.12095792,3.510816149,0.829906392,0.141239258,0.819715883,0.200003311,0.79534355,0.039740243,-0.079700452,46,0
0.024669064,1.575370987,0.21395180,0.09360037,0.053206799,1.038553419,1.570382637,0.306690558,0.585801969,0.076740869,0.678540728,0.08221824,-0.079342244,33,0
0.020463998,1.04522453,0.03133338,0.14334465,0.059230285,1.013760934,0.697035913,0.113163249,0.724173851,0.10548659,0.806003715,0.017178455,-0.079255036,27,0
0.013235041,2.473056593,0.28547378,0.366900406,0.038469978,0.374198866,2.327058147,0.427671794,0.479270673,0.034964191,0.621468683,0.235749408,-0.07662167,62,1
0.005564785,0.71818406,-0.16488136,-0.020161562,0.022107943,0.842663103,0.685513146,0.186062837,0.420186177,0.024314214,0.771130372,0.047624599,-0.075732704,46,0
0.249040325,1.578100553,0.35489420,0.368069732,0.386096952,1.586764496,1.234396532,0.007344838,0.968791198,0.657518044,0.62124184,0.229824238,-0.073311289,46,0
0.085433822,1.792395639,0.37409620,0.382707371,0.108003615,1.342262503,1.21802712,0.017824864,0.846204057,0.167495201,0.489932717,0.034118297,-0.072661491,28,0
-0.097294785,0.692314723,-0.26348265,-0.025016877,-0.070387261,0.930401737,0.593076237,0.089729357,0.592855519,-1.804011037,0.946067522,0.018481733,-0.072235164,22,1
0.007810375,0.932147146,-0.05042505,0.120689446,0.038647252,1.117240267,0.626665778,0.103112788,0.692727982,0.050804405,0.846265824,0.027618327,-0.071757252,22,0
0.002679696,1.126115712,0.06500358,0.059110017,0.037487343,0.607281336,0.360044597,0.285998657,0.580431662,0.013494746,0.801426739,0.011643263,-0.068156511,46,0
0.056854807,10.47194561,0.67187263,0.119049701,0.040941118,0.52899714,9.943313366,0.5821227,0.742805537,0.163872967,0.653055606,0.387249511,-0.068115464,72,0
0.018575532,1.01032053,0.00398180,0.2879225,0.046059425,0.910675558,0.69715525,0.286603908,0.389795343,0.056704888,0.672417451,0.010623208,-0.06761176,22,0
0.000261466,3.701671978,0.28117053,0.318548746,0.010929301,0.055403825,2.274443683,0.427559299,0.38524332,0.000558249,0.531632086,0.039114999,-0.065705976,72,0
0.026347891,0.751647019,-0.14741644,0.209323388,0.05857364,0.678587134,0.319931235,0.173772787,0.446159843,0.113250745,0.767349069,0.001570606,-0.06546009,10,0
0.046644697,2.398467684,0.27656504,0.206304121,0.088407118,0.697597284,0.943892873,0.34316181,0.474327949,0.101605769,0.540924721,0.035028032,-0.064631818,47,0
0.006533356,1.01634684,0.00809214,0.260781876,0.063352425,0.683084652,0.515573329,0.241246624,0.503119653,0.024773286,0.736274141,0.005449137,-0.062800476,46,1
0.013491017,1.169386008,0.08649478,0.136876664,0.073600442,0.778915559,0.867156783,0.277402161,0.597131848,0.063648653,0.788039234,0.005758595,-0.062056472,24,1
0.038748086,0.889014321,-0.05280083,0.098707445,0.063854387,0.679283792,0.684257959,0.265737232,0.422943728,0.149885327,0.741481793,0.012947566,-0.056734256,16,0
0.019897927,1.172325755,0.04926272,0.095229877,0.036816338,0.498613314,0.358783189,0.288203215,0.335132436,0.046716747,0.574072936,0.01401093,-0.054370139,47,0
0.260370946,1.853979239,0.31092804,0.334441991,0.196272036,1.236951175,1.617895513,0.16918593,0.675021252,0.557872956,0.53327914,0.073956214,-0.05372258,62,0
0.003272882,1.421520118,0.20066673,0.233376177,0.021894431,0.747529544,0.596916807,0.266450806,0.67672166,0.012710506,0.742505736,0.006659963,-0.053160878,27,0
0.065616989,1.66290712,0.27342014,0.312555989,0.088340458,1.608878605,1.641569202,0.089003028,0.685876314,0.131618094,0.501459206,0.037066772,-0.052061747,62,0
0.073985931,1.252299272,0.12543863,0.199385174,0.124210951,0.889529903,0.815846984,0.260595328,0.622620544,0.305445823,0.757777238,0.037434472,-0.04682075,73,0
0.02453452,2.419985177,0.38445205,0.246534355,0.04024697,1.115665973,2.284641533,0.434020752,0.65519575,0.083101513,0.704764456,0.097431146,-0.044682236,78,0
0.002725338,1.819427757,0.17221581,0.056249811,0.055991252,0.248611455,0.407923103,0.624441853,0.382381761,0.016478031,0.834607802,0.026737066,-0.0434333,26,0
0.006111733,1.173518866,0.08087106,0.190209439,0.035996116,0.598461124,0.473905023,0.337260097,0.546935982,0.031075299,0.803325022,0.018420291,-0.043265755,13,0
0.026206439,1.210450209,0.04876312,0.015646081,0.037212544,0.357263162,1.039172143,0.440950253,0.280471716,0.08005849,0.672658847,0.034259833,-0.042081575,62,0
-0.127778415,0.565739413,-0.19154838,0.191209381,-0.161449828,0.024749914,0.333983429,0.336733523,0.249542485,-0.575123489,0.777824385,0.049900224,-0.040785616,62,1
0.078590083,2.335897585,0.22481121,0.384121844,0.132287085,0.57118975,1.635307891,0.436480122,0.393095969,0.198843877,0.604764884,0.039212196,-0.040427533,18,0
5.76461E-05,1.221021587,0.10003568,0.027670704,0.017591629,1.140726192,0.844665853,0.402477296,0.552641617,0.000397787,0.855083231,0.03804309,-0.039256077,25,0
0.109145187,5.7444114,0.53181908,0.224922659,0.057290903,0.631486161,5.434379182,0.477633468,0.643912876,0.266030446,0.589727263,0.170999849,-0.037871322,72,0
-0.078337589,0.961660866,-0.01847200,-0.327159794,-0.083257129,0.56964949,0.528103673,0.536677385,0.463333418,4.238403407,1.018482806,0.022250981,-0.034680907,13,1
0.016319976,1.891701399,0.16791844,0.28400897,0.01768853,0.284100423,1.006024621,0.515375115,0.356230855,0.055076911,0.703687528,0.05668087,-0.032641739,86,0
0.012492255,0.960828025,-0.03029739,0.126456055,0.055199609,1.221972798,0.596831745,0.089620169,0.743148124,0.091228079,0.863065681,0.057414441,-0.032206456,28,0
0.123980293,1.210196779,0.09877459,0.488355094,0.100325268,1.933259892,0.950841885,0.025767135,0.568689422,0.245837519,0.495681972,0.331581115,-0.032191675,46,0
-0.164009002,0.945521847,-0.01946882,-0.251495378,-0.177978206,0.056667527,0.57795804,0.72207936,0.337900479,2.064339481,1.079448658,0.000126663,-0.032169363,16,1
0.006050723,1.147770007,0.10058351,0.076005283,0.072624209,1.005500765,0.693335797,0.218309131,0.78125958,0.059899376,0.898985204,0.009473764,-0.031923046,11,0
0.008356471,0.900680782,-0.06637814,0.100539784,0.04411517,1.048461064,0.536391478,0.18168001,0.601953111,0.055713991,0.850011258,0.007964624,-0.031775233,28,0
0.005538394,1.10552638,0.04671561,0.070610708,0.03899495,0.768605036,0.860785601,0.340249006,0.489406952,0.025515549,0.782940343,0.01373033,-0.030500672,29,0
0.007050248,2.302744516,0.42712663,0.13751836,0.029143593,0.228961412,1.22492597,0.410218812,0.754993397,0.026918136,0.738085578,0.031740745,-0.030102445,72,0
0.005026685,0.491076217,-0.15629708,0.019547509,0.025185772,0.426047598,0.483193854,0.25485815,0.150815863,0.011475692,0.561971094,0.002805087,-0.028211029,62,1
0.022281523,0.979118265,-0.01538225,0.199482631,0.053662631,0.82427024,0.803198215,0.021493889,0.721254339,0.092122077,0.758130478,0.00024465,-0.026582892,62,0
0.000122401,5.509106316,0.43032749,0.342317626,0.008985893,0.106205135,2.738212279,0.397926716,0.525762691,0.000241594,0.493361921,0.049969467,-0.025222761,72,0
0.002887954,0.966162411,-0.02268891,0.072991056,0.025027017,1.595364083,0.652499888,0.215534259,0.647834884,0.025345838,0.886058052,0.031539914,-0.020002734,25,0
0.014015069,0.616391171,-0.20485529,0.091471031,0.016652637,0.318630294,0.34347354,0.368249415,0.329166017,0.143410111,0.90227072,0.048993505,-0.016968245,18,0
0.008662477,1.137399456,0.04610960,0.156796385,0.015106021,0.567619251,0.516427552,0.30836265,0.381697509,0.024329421,0.643950563,0.048160658,-0.016604215,93,0
0.003666973,5.786718808,0.45004287,-0.010189273,0.007411642,0.531874776,2.434324504,0.415577767,0.544061946,0.007477466,0.509596841,0.187029488,-0.016183133,25,0
0.003264934,1.781935909,0.31608779,0.040369228,0.020931294,0.202507522,0.920256953,0.44744884,0.720325258,0.022013751,0.851686306,0.083718377,-0.014903866,72,0
0.010134261,1.92559257,0.35414371,0.324914925,0.023529355,1.241742928,1.773742813,0.048160231,0.736756659,0.017803555,0.430773184,0.031874464,-0.014691126,28,0
0.004605839,0.458060026,-0.39058429,0.032682542,0.045231639,0.951327071,0.20586009,0.068964294,0.330130752,0.021899129,0.789679339,0,-0.014587776,47,0
0.035914496,1.938144658,0.21757747,0.449603178,0.115627083,0.743072738,1.721931454,0.301400593,0.449500628,0.076958055,0.533323751,0.10833152,-0.014538584,10,0
-0.025138005,1.036390921,0.01059164,0.184051685,-0.030655967,0.102296738,0.869877956,0.350685044,0.30164344,-0.070166313,0.641736841,0.002935558,-0.012786437,26,1
0.002576324,0.932559673,-0.05122519,0.106956225,0.057972736,1.215505225,0.565077206,0.124372476,0.708338044,0.022197326,0.883935713,0.045100211,-0.010922226,28,0
0.001035288,4.288390068,0.33274252,0.021844431,0.001923748,0.464075799,4.288390068,0.571580964,0.433929585,0.003163775,0.672768025,0.323056363,-0.010736309,62,0
0.004069235,1.25227151,0.13230240,0.191098448,0.029596606,0.79452562,0.564426321,0.26079019,0.6567469,0.018947347,0.785234686,0.007863828,-0.009405086,27,0
0.020329453,1.27509558,0.17657188,0.284763745,0.059201727,0.7847381,0.490125109,0.016467657,0.818428372,0.059499228,0.658324146,0.004750855,-0.008363715,28,0
0.002614605,1.628797429,0.22681897,0.009525901,0.01732975,0.55107949,1.461270475,0.296713249,0.587537642,0.007632361,0.657431919,0.249698541,-0.007720629,58,0
0.000725366,1.329554411,0.19108472,-0.005195676,0.053772587,0.721662026,0.665535563,0.403757728,0.770912264,0.044189965,0.983585269,0.002220148,-0.006464465,11,0
0.002056949,0.907055128,-0.07130197,-0.013007402,0.022239703,0.979854303,0.751952006,0.094783968,0.695840656,0.014897503,0.861926598,0.127069948,-0.00643755,17,0
0.003110645,4.64265308,0.71578914,0.024240178,0.013875081,0.466793941,1.262221286,0.771853647,0.912291278,0.09830061,0.968355789,0.04910041,-0.005754689,13,0
0.008435502,3.453398947,0.50399782,0.230363288,0.065426905,0.557355417,1.474900243,0.500722325,0.709426222,0.028706902,0.706150725,0.006172824,-0.005523804,45,1
0.012994936,1.03408683,0.02240661,0.130705146,0.052026435,0.925982684,0.65948065,0.170381411,0.679745948,0.075429486,0.827720745,0.021753824,-0.004941641,27,0
0.014358515,5.593633798,0.53473380,0.617266909,0.107558914,0.257013216,1.776311991,0.255343579,0.651141378,0.022854821,0.37175116,0.10752054,-0.004185695,72,0
0.006635953,1.112998839,0.06976397,0.133582919,0.036306803,0.839225139,0.667047939,0.168339976,0.687150611,0.030969563,0.785726614,0.006256562,-0.003299431,27,0
0.002896408,1.069125442,0.04625609,0.092417063,0.036994564,1.105943431,0.699388788,0.099675261,0.715417723,0.012529717,0.76883689,0.010427889,-0.001288083,17,0
0.025964744,0.760032203,-0.13492995,0.229904002,0.052769122,0.736180379,0.387352018,0.179428458,0.427353614,0.100526305,0.74171202,0.033580261,0.000665806,10,0
0.001332049,1.011578875,0.00799082,-0.036301227,0.033874972,1.218754373,0.809795439,0.168385381,0.698111359,0.009414165,0.858505921,0.008934062,0.001427064,24,0
0.027055454,1.04530458,0.01597979,0.165140536,0.072110573,0.543110758,0.650637793,0.424239088,0.368698798,0.121302113,0.776958099,0.008917036,0.001847914,10,0
0.013278218,1.24787433,0.14232491,0.275319323,0.040333046,0.737648754,1.010071043,0.100663911,0.716506635,0.040836658,0.674845636,0.021004789,0.00592089,62,0
0.008226835,1.45291945,0.21998875,0.129007633,0.04896143,0.599184556,0.580934229,0.339401061,0.705701491,0.047041077,0.825113804,0.008433027,0.006040464,01,0
0.013360675,1.384232964,0.20772432,0.327959039,0.033258662,1.935600737,0.744110781,0.024607548,0.748345088,0.030730325,0.565228316,0.110350672,0.009203656,21,0
0.005317423,1.170608461,0.06558504,0.179360873,0.028565907,0.490308183,0.531927329,0.39678239,0.450003493,0.024302745,0.781200843,0.02717407,0.012336782,28,0
3.6583E-05,0.831962325,-0.05066435,0.084501147,0.005685866,0.40753461,0.410305187,0.340984554,0.250841564,0.000102327,0.642490471,0.020541044,0.012545962,71,0
0.000621931,1.299011059,0.12235694,0.21311879,0.040126444,0.659697659,0.569041917,0.371249375,0.53156236,0.002832816,0.780454791,0.010047972,0.012833154,13,0
0.066409396,1.531280193,0.28937947,0.288960304,0.106835706,1.240938998,1.064197337,0.042564826,0.834062798,0.160894244,0.587248159,0.183228129,0.013718277,28,0
0.010308572,0.940386919,-0.02839319,0.311934501,0.029093734,0.96169704,0.432409914,0.152084316,0.447898073,0.027739222,0.628375578,0.000590571,0.014005382,59,0
0.052214857,1.088736917,0.05630413,0.167943333,0.100904157,1.488723462,0.665187451,0.16228048,0.690810407,0.256946133,0.796786757,0.009965222,0.0143758,25,0
0.011040081,1.078640807,0.01317131,0.122708261,0.02537643,0.246131384,0.432975191,0.56718812,0.180658216,0.041609659,0.734675031,0.001123356,0.015831055,10,0
0.040729142,1.208949795,0.12205280,0.160005637,0.0719682,1.5958324,0.231688743,0.083617611,0.706177801,0.122583106,0.667742612,0.063299065,0.018108199,47,0
0.006740876,2.844509244,0.35380549,0.103084276,0.015211295,0.529488794,0.514066802,0.409341281,0.545621009,0.016901069,0.601156797,0.015258188,0.01972282,10,0
-0.028269062,1.067622981,0.03081804,-0.182574291,0.00899078,0.542281155,0.307893595,0.35813142,0.486551324,-0.151873732,0.813864702,0.0034754,0.020140346,14,1
0.008521413,0.861688689,-0.07560296,0.350409112,0.018197139,1.618352453,0.397299395,0.010782953,0.471011493,0.019252967,0.557397408,0,0.021301408,10,0
0.004294496,1.022114494,0.01758017,0.169643941,0.021390574,2.697916866,0.79071964,0.024103728,0.812541821,0.023735068,0.819065374,0.093347467,0.023265244,47,0
0.017904292,0.902363346,-0.07565297,0.122932806,0.06342432,1.301310508,0.590918055,0.092737349,0.699188955,0.13520795,0.867579277,0.047088193,0.026619306,28,0
0.02082144,1.176950746,0.08545514,0.155042945,0.044378981,0.802726837,0.798473763,0.319936677,0.568386939,0.105622073,0.802868474,0.074902998,0.030371703,22,0
0.044318296,0.920134626,-0.06239102,0.129239641,0.087039213,1.80958521,0.313062694,0.07625309,0.718811318,0.310908332,0.857455425,0.010227261,0.030379755,47,0
-0.070347171,0.506932466,-0.11078412,0.013046681,-0.103460192,0.34031734,0.480345732,0.724376535,0.113899337,-1.38098064,0.949059988,0.019392043,0.032319127,59,1
0.036629758,1.844580601,0.37735933,0.131776113,0.075825399,0.949455189,1.515207245,0.331167747,0.824160183,0.164975573,0.777968599,0.15968922,0.033936537,26,0
0.0422354,1.091700152,0.02902665,0.348642962,0.040036349,0.733510095,0.776363579,0.305243038,0.345565336,0.111669443,0.621781728,0.001337852,0.035140027,10,0
0.051298733,0.58308989,-0.31234015,0.124580886,0.0801198,0.995113323,0.434219655,0.096175025,0.4368385,0.331716477,0.845353679,0.019293584,0.037653544,86,0
0.007756048,1.425730499,0.19845287,0.016794363,0.019294614,0.895986985,0.626757069,0.136917429,0.664599573,0.0195398,0.603064133,0.014330368,0.037702164,13,1
0.016362543,1.281253175,0.09508575,0.347869565,0.037313336,0.931187006,1.281229208,0.28095246,0.433164586,0.042949835,0.619031299,0.053598118,0.038653285,61,0
0.007816633,1.672675664,0.31210462,0.081789114,0.065636578,0.988818881,0.918010611,0.429679926,0.77607951,0.073502386,0.893654817,0.025054037,0.038759154,11,0
-0.114819022,0.208564305,-0.56791140,-0.150128712,-0.093360153,0.610780503,0.129263392,0.099050557,0.149659722,-0.626143791,0.816621678,0.007597628,0.04219648,25,1
0.002154015,1.028987761,0.01486090,0.059571689,0.038329407,0.780444148,0.470092149,0.277342654,0.527522079,0.0102574,0.790003833,0.022936401,0.042829469,46,0
0.000867554,1.05619342,0.00999822,0.177300326,0.01676568,0.217934574,0.705117484,0.514844982,0.187923296,0.002823793,0.69277006,0.005339659,0.043661212,17,0
0.005187153,1.953383051,0.28767216,-0.007521655,0.032285922,0.585011124,0.835908762,0.322897798,0.589410436,0.013818984,0.624636075,0.032028617,0.045327341,25,0
0.002099537,0.985160443,-0.00638672,0.091544955,0.039912205,0.649033705,0.717655339,0.324339605,0.423998373,0.008559919,0.754724702,0.005711991,0.045541778,29,0
0.064982601,1.093103211,0.06550071,0.221154591,0.098109456,1.017242518,0.958159451,0.022436514,0.769028627,0.237131994,0.725964432,0.000715687,0.045790329,62,0
0.012548815,1.463273204,0.21398408,0.326136409,0.023427789,1.230448879,1.194015848,0.007275116,0.675880173,0.023640042,0.469171208,0.000444612,0.045863058,24,0
0.014628287,1.281746857,0.09717725,0.401871752,0.052949776,0.610522375,0.518189693,0.238984626,0.442087041,0.035155229,0.583894418,0.006787519,0.046066251,32,0
0.001957117,1.688211208,0.16956424,0.038900203,0.044542215,0.249302563,0.651682749,0.612660972,0.415948266,0.013884696,0.859044993,0.069548654,0.046301869,26,0
0.016922986,1.307673973,0.12484217,0.026550309,0.023749221,0.786312435,0.790527178,0.118904077,0.530603393,0.035602253,0.524665302,0.021467152,0.048707061,58,0
0.012275272,1.045078737,0.01955665,0.196739856,0.032761655,0.689467871,0.504734079,0.324709801,0.453389728,0.05083831,0.758542882,0.00633452,0.049281794,28,0
0.013439886,1.736343333,0.20244696,0.035460245,0.021667057,0.660197395,1.208043918,0.137222851,0.477382516,0.022863099,0.412158404,0.011486001,0.049366614,58,0
-0.006373444,0.97094666,-0.01304691,0.279998525,0.010103772,0.493071299,0.546337353,0.203193786,0.436020559,-0.018328254,0.652261255,0.009939012,0.04957275,24,1
0.012579989,1.150164746,0.06958242,0.200080096,0.046634891,0.763851884,0.68524101,0.296519537,0.532956331,0.052393361,0.759893443,0.028580806,0.050968507,22,0
0.013165536,2.85645749,0.37625490,0.249828962,0.170531608,0.573036911,1.582501125,0.528951047,0.578928492,0.049056445,0.731624636,0.177087225,0.056786432,72,0
0.002126413,2.377879507,0.27851520,0.045511126,0.010389093,0.65048308,1.996127169,0.158584611,0.480648407,0.003326251,0.360717817,0.036088217,0.057755745,58,0
0.009213317,0.662477327,-0.18349069,-0.021750703,0.067038144,1.206214788,0.515507407,0.383958045,0.360148915,0.127251642,0.927597653,0.015743952,0.058902604,10,0
0.08313683,1.79318103,0.14871952,0.345038898,0.109510418,0.642046307,1.653531741,0.349813702,0.336217099,0.17968199,0.53731128,0.035728226,0.059366194,10,0
0.026450105,1.143625157,0.04028538,0.307685509,0.051399437,0.895664318,0.863442582,0.366100878,0.320775121,0.074842669,0.646590616,0.00895847,0.05968824,22,0
0.018099753,0.979676882,-0.01267287,0.144083584,0.054702066,0.928007921,0.522632061,0.182405781,0.610896127,0.093285513,0.805974775,0.000348753,0.059846921,28,0
0.009803715,1.012042273,0.00779795,0.123822404,0.049811797,1.228824308,0.630593178,0.196791893,0.65534578,0.062981486,0.844339725,0.008382679,0.060425495,22,0
0.009607778,0.917842207,-0.03146332,0.306019222,0.042164173,1.199167993,0.619637687,0.290380622,0.351498722,0.029412402,0.673342661,0.047116269,0.061087013,46,0
0.035688253,1.371710466,0.22032718,0.2841677,0.05947102,0.636591821,1.004090273,0.102427499,0.813065882,0.117074463,0.695166201,0.063212594,0.062470876,46,0
0.033715041,1.006894697,0.00468359,0.138054549,0.072308294,1.763256805,0.558111926,0.140615312,0.683987119,0.187221364,0.81991884,0.003779106,0.062711169,25,0
0.027779597,1.553112638,0.30117185,0.165800425,0.075240179,0.66900371,1.140381791,0.219254924,0.845675491,0.117589822,0.763758568,0.094346002,0.062997627,43,0
0.328508141,1.322598109,0.20818936,0.281180282,0.332426416,2.186115594,1.091343642,0,0.853541426,0.926293693,0.645352069,0.097951967,0.06299845,33,0
0.011148215,1.321820528,0.17041321,0.123634263,0.057523352,0.700503695,0.496208184,0.299874572,0.699941924,0.065348358,0.829403285,0.007813548,0.063446637,01,0
0.041499183,2.158501949,0.13106842,0.092671877,0.06282405,0.709183186,1.845674322,0.688347227,0.244204547,0.209046363,0.801483352,0.041748627,0.063747857,96,0
0.007026792,2.086882737,0.39267086,0.098758289,0.063749055,1.365082132,0.189762745,0.296515306,0.753952571,0.020534079,0.657797019,0.01172735,0.063803734,31,0
0.001347978,1.321017653,0.18353880,0.077216285,0.018120002,0.955033332,0.811639441,0.186173448,0.755279301,0.005568177,0.757913954,0.027027963,0.065711898,17,0
-0.008743159,0.635029873,-0.13054946,-0.048003094,0.009236991,0.552364756,0.472164639,0.19251948,0.227149563,-0.019438681,0.5502185,0.000548487,0.066714405,25,1
0.060844261,1.305592932,0.19968976,0.300972073,0.08631459,1.037769562,0.917909128,0.039950106,0.853139948,0.19844847,0.693400294,0.021233686,0.066741291,46,0
0.046332538,1.045453268,0.02977883,0.26047725,0.071056054,1.09969967,0.514251605,0.066319152,0.684931591,0.166347811,0.721471909,0.035694275,0.067084692,28,0
0.012052247,2.046008801,0.30054893,0.254770068,0.02058553,0.527226062,2.002910393,0.434708543,0.587878179,0.043359303,0.722037796,0.427810466,0.06782883,72,0
0.026134144,0.7616372,-0.05525767,-0.064734394,0.054804735,0.21153965,0.613419752,0.333269193,0.176564024,0.060091047,0.565090884,0.038149293,0.067936887,38,0
0.038524777,0.784865663,-0.10049547,0.069738349,0.052096264,0.737403943,0.501090939,0.284045246,0.366633439,0.154826268,0.751174152,0.012989052,0.068793312,16,0
0.014932001,1.130952336,0.07533682,0.137578741,0.058728075,0.930517922,0.176626051,0.220332806,0.650636355,0.073064401,0.795632342,0.004148123,0.068998662,01,0
0.000963106,0.763370876,-0.10619040,0.045738352,0.018441389,0.841065834,0.502115487,0.165524287,0.342572615,0.002496951,0.614287301,0.02756363,0.069600094,16,0
0.021795452,1.935087218,0.14527391,0.103932984,0.061611359,0.557836516,0.75096617,0.63910932,0.300632584,0.106044077,0.794467994,0.026674152,0.069688467,96,0
0.052077465,1.015246123,0.00607109,0.255713698,0.066218583,1.054116123,0.685617121,0.313381014,0.404276503,0.180565407,0.711586429,0.00999688,0.071679906,86,0
0.018747969,1.05785986,0.02665276,0.215938805,0.040570397,0.766056212,0.605279594,0.286848226,0.487296191,0.074246926,0.747491653,0.010278478,0.07411677,22,0
0.051333478,1.147528359,0.05317897,0.34855174,0.064862483,0.553164856,0.914914311,0.187640283,0.413645077,0.113596348,0.548106387,0.018631162,0.07459948,26,0
0.020737084,0.716683044,-0.15843098,0.301884061,0.044245679,0.719769327,0.225252139,0.114848211,0.400769507,0.063620192,0.674048698,0.002002537,0.075619659,10,0
-0.002519304,0.655114117,-0.06674519,0.005496663,-0.074172229,0.146414082,0.542857143,0.492082188,0.126783144,-0.008013321,0.685610522,0.004122497,0.077024529,72,1
0.001012659,0.960408284,-0.00995454,0.356119102,0.044967546,0.331814481,0.626101531,0.367770029,0.241475226,0.002659291,0.61919979,0.013767436,0.07739626,22,1
0.057094314,0.789387918,-0.11124236,0.014690645,0.077712965,0.607467547,0.637148503,0.34977529,0.416943665,0.467837824,0.877961313,0.008678275,0.080046055,16,1
0.009950265,1.3570044,0.25488583,0.276418577,0.011154804,1.53984751,1.169149502,0.006351062,0.968842953,0.035575816,0.720308183,0.245662777,0.080867572,46,0
0.084946875,1.435263074,0.21098387,0.31227943,0.110008359,0.810640918,1.219330527,0.083527966,0.695711113,0.196752518,0.568255209,0.085175481,0.0834062,26,0
0.002904273,1.913634066,0.33088203,0.034848731,0.02065831,0.249815685,1.012204205,0.39456354,0.693042381,0.011938164,0.756723889,0.03072948,0.084247079,72,0
0.01188957,1.177008047,0.08126134,0.186493441,0.043354203,0.680076931,0.57965707,0.3126803,0.540344087,0.052093097,0.771763047,0.002736784,0.085372839,22,0
0.089793354,1.291469573,0.21026250,0.055583486,0.09090757,1.76731658,1.264398155,0,0.93164996,0.322287559,0.721387464,0.184116986,0.085659813,62,0
0.007510837,2.89148002,0.18875224,0.043326589,0.019199727,0.155499771,0.996970639,0.790313921,0.288542999,0.068345382,0.890104685,2.90524E-05,0.085784775,62,0
0.198211104,1.12672704,0.08997244,0.141509205,0.255882302,1.454412683,1.095272737,0.087699666,0.799942789,0.979642754,0.797670015,0.085380377,0.085945844,62,0
0.008950535,5.418552407,0.34960548,0.61954975,0.049274181,0.139166364,2.189402388,0.292457401,0.428727655,0.014242908,0.371579577,0.076535666,0.089253232,72,0
0.225958252,2.084787209,0.41019942,0.420044479,0.29659234,1.516893053,2.035535446,0.159177736,0.78833756,0.488363964,0.537315877,0.178486996,0.089339309,70,1
0.004302769,1.022800681,0.01653999,0.020164222,0.031605118,0.86139365,0.477503386,0.194015426,0.741956469,0.053405374,0.919431906,0.024297055,0.089783204,25,0
0.007772783,0.643270577,-0.15069846,-0.195220287,0.033913247,0.43983822,0.590623245,0.334683842,0.271746263,0.032003695,0.757128569,0.014641341,0.093331633,72,0
0.003382762,1.175545272,0.10384582,0.113424314,0.0515664,0.96472008,0.635787413,0.165834762,0.695407268,0.013943548,0.757396215,0.050523144,0.0947693,28,0
0.008977299,1.145176369,0.05529344,-0.052900605,0.046783792,1.124367073,0.882802153,0.484038841,0.436164266,0.06645375,0.864909663,0.001170307,0.0951189,27,0
0.010137778,1.104979658,0.04709696,0.126016783,0.048018692,0.787716729,0.45387624,0.325433481,0.495726368,0.044869912,0.774062888,0.003746461,0.09539511,22,0
0.01161041,0.788156655,-0.17185013,0.113566982,0.025928949,0.693569314,0.611522807,0.034008793,0.639363117,0.075013325,0.845222037,0.186481108,0.096719244,25,0
0.00865337,0.542295152,-0.11072264,0.093300754,0.040293312,0.481785711,0.464606285,0.583898317,0.13118574,0.049676824,0.825806694,0.001840495,0.097064654,10,1
0.00728945,0.346595168,-0.39101231,0.167804362,0.037444013,0.620832403,0.268245497,0.199214723,0.207410431,0.036021738,0.797637466,0.000335842,0.101317385,10,0
0.045848371,1.347595234,0.15219713,0.188624414,0.066393631,0.670694619,1.23757486,0.174999662,0.590054472,0.118427484,0.612857008,0.000743414,0.105974725,71,0
0.039912402,0.990064251,-0.00241538,0.120465061,0.04304413,0.555888242,0.69845506,0.617232286,0.240684095,0.285765758,0.860331756,0.017344404,0.1091589,86,0
0.221596958,1.928364841,0.45661861,0.503419764,0.327757244,1.43773768,1.928364841,0,0.948471155,0.436087902,0.491852545,0.180415333,0.110941919,62,0
0.06712421,1.708253673,0.24220064,0.184566509,0.103374599,1.286492646,1.639541551,0.321401609,0.584169424,0.199400682,0.663370389,0.006353431,0.111095152,62,0
0.005638157,1.026270938,0.01575402,0.161641526,0.058074889,0.90954931,0.502947615,0.218438912,0.61542879,0.030998258,0.818113683,0.016341055,0.113873039,13,0
0.024982634,0.82939598,-0.05643527,0.331067087,0.053388085,0.704803099,0.574838835,0.304674542,0.274361579,0.068534127,0.635471394,0.000466576,0.114619877,10,0
0.008627388,1.907609248,0.19179018,0.096815151,0.043881021,0.852473617,1.103779073,0.514187749,0.403103781,0.031429657,0.72550135,0.008960061,0.116557036,33,0
0.008445012,1.237888205,0.10587678,0.030575978,0.038220243,0.450274875,0.852986065,0.369502072,0.55094626,0.045543237,0.814571552,0.003984569,0.118044212,28,0
0.027099066,0.871692062,-0.03760686,-0.234258158,0.052711034,0.532737592,0.709545497,0.435592893,0.255491597,0.099882795,0.728691349,0.015364204,0.118176124,72,0
0.032168917,1.31112598,0.23108319,0.237619214,0.038627262,0.758520415,0.379684464,0.019108386,0.973815107,0.135072983,0.761840298,0.03478559,0.120239089,43,0
0.000432561,1.069825257,0.04766705,0.08808401,0.022312072,1.163463872,0.620992892,0.07321928,0.730329022,0.001771929,0.755881253,0.014456753,0.122394788,17,0
0.040480296,0.868903229,-0.05603977,0.292914942,0.021407415,0.665851233,0.621893367,0.254222989,0.371428954,0.12717324,0.681691712,0.026957409,0.123976682,10,0
0.052315237,0.887871721,-0.04805713,0.283584519,0.082955567,1.116289648,0.674073474,0.268079835,0.380533466,0.172469953,0.696670426,0.108390403,0.125081452,46,0
0.007291422,0.643736737,-0.19048789,-0.015920526,0.052242504,1.265029973,0.454935949,0.386451228,0.344195058,0.092453512,0.921134179,0.040060073,0.125765944,10,0
0.142576795,1.150978108,0.09338950,0.206314236,0.238268355,0.883939905,0.359777737,0.145534963,0.711952721,0.6043904,0.76409818,0.024495696,0.127090486,32,0
6.01316E-05,1.035786745,0.00775995,0.175513697,0.011610733,0.177398726,0.544114933,0.482623384,0.224598498,0.00020008,0.699461936,0.004470412,0.129653165,17,0
0.069245757,1.163294798,0.07757463,0.239659576,0.10022917,0.559256156,1.035680891,0.142822529,0.552633439,0.181215324,0.617881336,0.038817603,0.129996896,71,0
0.104583859,1.547816181,0.18789059,0.142026364,0.11453285,1.81562353,1.182224606,0.229394525,0.53087167,0.244569443,0.572375608,0.049205458,0.131351406,96,0
0.021157893,0.68928499,-0.18110747,0.306788077,0.050071291,0.81306003,0.218482469,0.08409958,0.401765778,0.06353202,0.666972824,0.000739039,0.133639104,10,0
0.008482165,3.596745052,0.35000356,0.585994313,0.018483551,0.638831754,3.571742273,0.097511174,0.484789051,0.01104878,0.232296666,0.192450349,0.134308017,62,0
0.016770552,2.386420621,0.45746958,0.0956484,0.069523442,1.862231707,0.273582039,0.32054898,0.787434073,0.047986263,0.650513474,0.030465276,0.136193603,31,0
0.029679972,0.944691127,-0.01950071,0.194787834,0.07099196,0.700890163,0.501046217,0.394743988,0.333077563,0.117461758,0.747322257,0.010298433,0.136715614,10,0
0.058003533,1.398499127,0.14722684,0.25997782,0.075702477,1.301326937,0.886893543,0.351187022,0.516680207,0.207635138,0.720640386,0.071588843,0.143011801,28,0
0.005277624,2.52558153,0.51905886,0.362308473,0.020772708,0.538712616,1.682032113,0.22399136,0.859295583,0.012110979,0.564228083,0.02216305,0.144864441,26,0
0.006147172,1.144929589,0.05518585,0.516689928,0.009888259,0.791144489,1.144018941,0.096320462,0.435962786,0.011755864,0.477097402,0.155390912,0.148169982,62,0
0.048616701,1.886870105,0.11306278,0.123532671,0.086116274,0.4355252,1.401348072,0.570513685,0.240547941,0.16098178,0.697998847,0.036575045,0.150682311,25,0
0.009183897,0.908881273,-0.03629530,0.301875133,0.0286798,0.953222692,0.626265773,0.259002835,0.362034433,0.026801196,0.657332567,0.033039476,0.151013943,22,0
0.06242263,1.094437006,0.04523453,0.194744691,0.11982833,1.223281984,0.913329807,0.314604972,0.52422605,0.302430089,0.793596497,0.12843503,0.154893873,43,0
0.011393597,2.304708353,0.19232301,0.259667258,0.031066881,0.501363669,1.590517965,0.573379814,0.339729908,0.04080607,0.720786711,0.018397316,0.156857805,20,0
0.029599916,20.97608803,0.55169599,0.268581817,-0.080513041,0.131462452,20.82427328,0.659904859,0.579313804,0.094726605,0.687522678,0.515459447,0.157115093,72,1
0.009173372,1.772681124,0.29802657,0.38492754,0.019287781,1.339492341,1.496158908,0.023337963,0.683731059,0.015522895,0.409042448,0.001216011,0.15812677,24,0
0.135449296,3.47477877,0.21162961,0.116010786,-0.075274715,0.191686021,2.656881437,0.691258474,0.297144169,0.606778369,0.776773032,0.185285676,0.159530877,26,0
0.005459045,4.130733583,0.72861966,0.034510517,0.017022411,0.67138436,1.420440885,0.723884578,0.961350949,0.125830441,0.956615866,0.068003764,0.160747585,13,0
0.033773054,0.500056476,-0.13031427,-0.021775775,0.067280699,0.263697845,0.295826751,0.143552714,0.130343715,0.056686238,0.404210702,0.007025305,0.161439358,38,0
0.007583545,1.333858198,0.12813616,0.229608273,0.048845263,0.741311552,0.507810888,0.379719253,0.511940313,0.032068901,0.763523404,0.011252565,0.166557304,13,0
0.003139546,1.392553237,0.14118235,0.223676773,0.038201308,0.578215593,0.514951724,0.4099524,0.500833816,0.013626729,0.769603869,0.013426548,0.167181428,13,0
0.017310895,0.612628629,-0.21516949,0.050067385,0.062882921,1.177272656,0.421959305,0.304692718,0.340290997,0.123784713,0.860153206,0.010201277,0.168019505,10,0
0.009370428,1.01387901,0.00847712,0.153450856,0.051784189,1.350869747,0.596974234,0.202045958,0.61926405,0.050064503,0.81283289,0.015602974,0.172535015,22,0
0.001364154,0.9612699,-0.00621682,-0.045486458,0.014791948,0.325435142,0.929406894,0.381533169,0.154299627,0.002978825,0.542049615,0.020074608,0.174931645,70,0
0.003538031,2.080322201,0.16547459,0.106802953,0.020389625,0.710743731,1.192193561,0.516639483,0.318646102,0.010715169,0.669810998,0.011411813,0.178584494,62,0
0.158854378,1.090109139,0.08162718,0.088928761,0.159292127,1.111219347,1.090109139,0,0.98749734,1.687609139,0.90587016,0.177018359,0.179937504,62,1
0.117432183,3.433908203,0.31810420,0.639797605,0.112246753,0.339174039,3.420851897,0.20922105,0.448801077,0.177905427,0.339917927,0.172965199,0.183996076,72,0
0.188320159,1.274636416,0.08352163,0.333573307,0.216945963,0.989539749,0.784322228,0.35160343,0.387638728,0.546992267,0.655720528,0.045982337,0.190220995,28,0
0.12834561,1.457748408,0.20459659,0.242548342,0.166132725,1.076739926,1.13997684,0.164850751,0.65155955,0.330628914,0.611813715,0.057521459,0.195301108,26,0
0.08116741,6.318165283,0.38049900,0.00061754,0.084534302,0.775199044,6.086709217,0.672751363,0.452046043,0.317427271,0.744298406,0.073252966,0.19923452,72,0
0.057452985,1.292942276,0.18673027,0.178453921,0.159327925,3.484406148,0.451148033,0.110238379,0.824160511,0.22768863,0.747668624,0.049087933,0.200730419,46,0
0.001180131,2.461897994,0.10045807,0.206615071,0.003287957,0.32998425,1.925327759,0.498585468,0.169175637,0.002727384,0.567303034,0.014245135,0.218953128,10,0
0.030518855,1.131549349,0.07018025,0.101394081,0.081117618,0.954091456,0.538900576,0.297237857,0.603670165,0.180294521,0.830727771,0.004071428,0.221047736,25,1
0.13254183,2.393517998,0.44579419,0.43943435,0.159670993,1.144863585,2.280260982,0.197898068,0.765699772,0.274870796,0.517803652,0.088346427,0.223025618,73,0
0.016515372,1.66228911,0.21360277,0.146472357,0.042301539,0.559667835,0.840087581,0.335461621,0.53612472,0.04828824,0.657983568,0.014892052,0.225335554,71,0
0.093404719,0.564287854,-0.25656055,0.220250757,0.144914774,0.849103181,0.546084508,0.164803193,0.332269836,0.37912926,0.75363358,0.079160651,0.226452382,96,0
0.030605261,0.974772477,-0.01652783,0.11049798,0.065032298,1.859189136,0.573728861,0.189528449,0.638622745,0.197045248,0.844679021,0.002541119,0.230788452,25,0
0.130137248,5.87004477,0.52547431,0.620538215,0.078739644,0.260525869,2.669106376,0.262301763,0.633373589,0.206632999,0.37020104,0.044196221,0.239605663,72,0
0.088611657,3.153845711,0.20479093,0.689658266,0.066044622,0.237310104,3.14269039,0.208044296,0.299872448,0.12715589,0.303125817,0.050060901,0.243146346,72,0
0.103462341,1.425269546,0.12966530,0.576005281,0.077036487,0.489498446,1.410815476,0.064297844,0.434566756,0.164017479,0.369199298,0.087943781,0.244636135,72,0
-0.141152922,0.856905691,-0.09860657,0.051564977,-0.128706796,0.966653006,0.597736918,0.223091613,0.590495373,-1.607547889,0.912193551,0.019540143,0.244742229,13,1
0.009004457,1.025858322,0.02042711,0.021394306,0.056337773,1.111028931,0.340365266,0.07173755,0.810389672,0.065108206,0.861700115,0.029518074,0.246678609,25,0
0.12980271,3.443181399,0.18054959,0.072345841,0.031418213,0.225419968,1.572208895,0.604196077,0.254448963,0.403233541,0.678095455,0.04162421,0.246877788,62,1
0.054390555,1.041569836,0.03108097,0.184875503,0.082532219,1.081959879,0.953693761,0.004368158,0.778761794,0.21936008,0.752048983,0.000501011,0.249937781,62,0
0.048881634,1.252376255,0.03148532,0.038677187,0.084992614,0.283447378,0.873048902,0.285329023,0.156240806,0.082862095,0.410084507,0.000897236,0.251783028,38,0
0.041348881,3.067659925,0.30570065,0.230781514,0.087950221,0.598595088,2.098187516,0.336685067,0.453549269,0.080216456,0.484533681,0.159965718,0.253022698,18,0
0.102512041,1.839313257,0.37888658,0.377589109,0.138797009,2.445326476,0.876538341,0.077478315,0.830311088,0.217602751,0.528902826,0.153789655,0.259387951,21,0
0.027048259,1.71225258,0.19963366,0.085072702,0.050644377,1.057160053,1.637472938,0.353426579,0.479918575,0.073844139,0.633711498,0.082461802,0.260571284,33,0
0.25107656,0.146118822,-0.43796923,0.16825066,0.255097413,0.36601701,0.146118822,0.259946878,0.074946666,1.105399345,0.772862774,8.61813E-05,0.263748538,38,0
0.060580002,1.432712191,0.18357636,0.235133179,0.017211213,0.628512872,1.313429523,0.158633115,0.607822242,0.145233639,0.582878994,0.00629467,0.263748879,71,0
0.010633616,0.978781789,-0.01161675,0.176515498,0.043659332,1.003086311,0.52653261,0.239171507,0.53587273,0.049843747,0.786660984,0.020520372,0.264399481,22,0
0.051892988,1.864704677,0.17924365,0.104260144,0.064875259,0.275033192,0.875885968,0.505697082,0.386532522,0.180803401,0.71298595,0.035381358,0.26552332,28,0
0.030557066,0.632442256,-0.22430801,0.105294506,0.064669145,1.231674755,0.378958908,0.199972498,0.385958028,0.161028825,0.810238533,0.004532011,0.266231833,25,0
0.044801991,1.424193205,0.13019168,0.277933833,0.087891107,0.848658943,1.045350381,0.401183109,0.43710768,0.153483689,0.708099108,0.054663209,0.269097698,43,0
0.02477209,1.240642122,0.13966736,0.168207919,0.094239838,1.177452077,0.909690394,0.222151166,0.720061843,0.125457303,0.80254565,0.024816773,0.271080388,71,0
0.099475281,2.782146008,0.55665639,0.673395879,0.143317096,1.597598667,1.584165762,0.011860137,0.869008114,0.147198742,0.324211866,0.253456386,0.273868328,35,0
0.021376585,1.377623872,0.20055998,0.181544064,0.037457725,1.59392704,0.473425522,0.112403444,0.731670417,0.059964706,0.643513881,0.202210431,0.274043115,47,0
0.06592639,0.008895229,-0.43951215,0.143183327,0.107399814,0.143653435,0.008895229,0.411358247,0.00394465,0.454085564,0.85481505,0.00394465,0.276245672,68,0
0.143779412,2.026060593,0.33447538,0.539715225,0.15913081,1.04796075,1.926683287,0.0589763,0.660455517,0.233771145,0.384956441,0.113527627,0.278050018,61,0
0.005756056,2.179427176,0.20499883,0.019520239,0.026569175,0.359935167,1.233383104,0.366910544,0.378811035,0.012532854,0.540722745,0.129340477,0.279690438,62,1
0.021618884,1.705212061,0.24893455,0.125437778,0.053321712,1.102423227,1.29650339,0.268835519,0.60192702,0.057166735,0.621827991,0.037116845,0.282237111,33,0
0.003551063,1.342768799,0.11829529,0.213109398,0.041426954,1.39667216,1.036721236,0.384372495,0.463412139,0.013127258,0.729489346,0.000266964,0.283029134,22,0
0.024459691,1.775728022,0.29689942,0.386599091,0.041643204,1.369234415,1.424199002,0.021622664,0.679635915,0.041064494,0.404359157,0.004718473,0.284784211,24,0
0.040435135,1.967207116,0.39277873,0.343004099,0.082971818,1.487380136,0.979583454,0.18712358,0.798874514,0.099402657,0.593219363,0.133691501,0.285757851,62,0
-0.014049154,1.233861191,0.12652670,0.286886951,0.027086726,1.177681865,0.908340115,0.108607149,0.667560052,-0.040099253,0.649640498,0.032381914,0.293587185,31,1
0.031210776,1.005658454,0.00170811,0.331323353,0.023758663,0.634066541,0.731287578,0.340014128,0.303576699,0.087152388,0.641882717,0.039037422,0.29996504,10,0
0.130892152,3.207018446,0.30668772,0.466468265,0.209236717,0.571188421,2.495196611,0.379365591,0.445647915,0.271744156,0.518325788,0.182726936,0.300689397,18,0
0.035585099,1.226372289,0.07982166,0.378128948,0.078354409,0.812858385,0.563858969,0.255359895,0.432434012,0.090771887,0.607972242,0.024379493,0.301537961,32,0
0.11177948,2.734047864,0.34977382,0.467662638,0.076567303,0.272043089,1.586247659,0.300978781,0.55148325,0.224767433,0.502688217,0.09428518,0.301891898,72,0
0.165407638,1.672118711,0.38013392,0.321563326,0.246222253,2.256419464,1.597457528,0.033515873,0.945709488,0.412581955,0.59909144,0.080928152,0.304615141,28,0
0.004278002,1.027877244,0.01659940,0.195698804,0.047235904,0.883287273,0.762225433,0.20434262,0.612045551,0.021367444,0.799788773,0.021948514,0.305847021,43,1
0.058743649,1.887427728,0.21494355,0.298260291,0.102812395,1.254881678,1.431273107,0.394826302,0.457153183,0.161844253,0.637035938,0.000237049,0.323779266,22,0
0.071473457,1.445525292,0.25652305,0.242834895,0.152728068,1.375181006,0.748552719,0.117346521,0.832299664,0.232905983,0.693123139,0.048332013,0.343568923,46,0
0.001413075,1.333609961,0.16606360,0.20172285,0.042651372,0.849926701,1.031460008,0.290113168,0.663841285,0.006662015,0.787890858,0.002049881,0.344030513,71,1
0.008044266,1.425238264,0.15066370,0.001064254,0.012094461,0.891075022,1.390037635,0.436510576,0.504967906,0.038455424,0.790814778,0.240129664,0.353143568,58,0
0.036076189,3.570383875,0.29569040,0.230714314,0.039439237,0.585105691,3.570383875,0.537615402,0.410727851,0.103862174,0.65265285,0.385690075,0.354109385,62,0
0.010787384,1.585505165,0.23104088,0.141519267,0.024531473,0.805253347,0.943469642,0.251165023,0.625641799,0.030452701,0.645765945,0.049256106,0.36529404,71,0
0.088943232,2.760637067,0.23621970,0.19574811,0.141504188,0.686650493,2.024268062,0.39042794,0.370386879,0.187089436,0.524595115,0.087628473,0.380561118,18,0
0.009765979,1.319054919,0.21394449,0.195289351,0.076374191,1.214549193,0.692488051,0.068815384,0.884501421,0.037470998,0.739372317,0.019471488,0.392453586,46,0
-0.091893194,1.400680139,0.15611694,0.252311918,-0.107509144,0.35105377,0.502054855,0.350217794,0.545746799,-0.353228382,0.739847649,0.002923392,0.44098186,33,1
0.070567497,0.520073462,-0.18620715,-0.377458071,0.092567826,0.333323141,0.520073462,0.191823891,0.201783796,0.16794381,0.57981484,0.014438672,0.459930849,62,0
0.018257462,1.377773151,0.20117998,0.296182747,0.067041433,1.736342121,0.716299267,0.119598919,0.733721742,0.05248519,0.652140682,0.154242077,0.463355647,62,0
0.015297508,1.339250882,0.18573297,0.377945796,0.062363814,0.859388224,0.621054704,0.002123741,0.733212669,0.033964537,0.54960344,0.046386714,0.467491294,28,0
0.04340556,0.864637681,-0.11226681,0.035969186,0.096694233,4.319037545,0.530995169,0.118570635,0.717113276,0.833932054,0.947950723,0.101683869,0.477156302,71,0
0.034286664,0.941867633,-0.00762453,0.099465904,0.063444568,0.294572229,0.512288351,0.167885082,0.123533516,0.048914085,0.299043126,0.017998848,0.489411225,38,0
0.039658593,0.500525917,-0.25692419,0.236999705,0.113042806,0.892579562,0.428959407,0.211251034,0.25746524,0.144550468,0.72564046,0.034106361,0.490468676,73,0
0.00330136,1.63948138,0.16679764,0.392288695,0.044391369,0.839125801,0.934227239,0.257632763,0.427630323,0.006855921,0.518465443,0.020329494,0.518246572,74,1
0.049355106,1.208781084,0.05708799,0.109845772,0.080154383,0.712297324,1.153562185,0.175923397,0.330522677,0.089631946,0.449358084,0.245026959,0.540507929,59,0
0.137870927,1.510762312,0.20961774,-0.019927694,0.024074585,0.771862783,0.81847929,0.279197343,0.620019474,0.444170845,0.689599078,0.196993351,0.545329566,25,0
0.068468021,5.236486724,0.58192631,0.489355543,0.110832367,1.242444673,5.235310129,0.152555068,0.719286904,0.096422378,0.289915657,0.23663126,0.550691839,74,0
0.134503537,1.612794667,0.32091841,0.392772264,0.179340606,0.985968375,0.797693689,0.025912331,0.844614881,0.298637136,0.549608805,0.030375917,0.569265944,62,0
-0.065577113,2.581153677,0.25315592,0.194891332,-0.047771898,0.268915257,0.744153412,0.409336825,0.413264286,-0.152308396,0.569445187,0.047532371,0.580141938,72,1
0.200386003,3.787302114,0.58414973,0.749979081,0.299707998,1.918374178,2.952678493,0.037180001,0.793725053,0.266030427,0.246755321,0.34556547,0.607352993,35,0
0.237045687,3.23598051,0.58355633,0.720003273,0.332612359,2.082906868,2.367587035,0.016796929,0.844540869,0.32821878,0.277781464,0.305135724,0.612566015,35,0
0.124349616,2.778608793,0.19623879,0.669665382,0.135222224,0.301508573,2.772009605,0.212145438,0.306571532,0.183535957,0.322478182,0.125895563,0.612887758,72,0
0.026892715,1.965513526,0.29673450,0.234727882,0.031191456,0.699710307,0.890459531,0.071674271,0.604067849,0.043306031,0.379007617,0.014340172,0.620104684,59,0
0.062182142,0.988747031,-0.00539206,0.321372845,0.074499881,0.687535807,0.799863684,0.08771871,0.473775904,0.143570142,0.566886676,0.106729748,0.62456713,26,0
0.19965009,0.703822561,-0.17666269,0.120028406,0.270253734,3.420655983,0.596363232,0.037772568,0.419813152,0.54586253,0.634248406,0.000950949,0.639257695,62,0
0.033159993,2.486132764,0.39543902,0.325675358,-0.033485529,0.583718564,1.863626165,0.293059051,0.661524957,0.075217457,0.559144985,0.204020684,0.648821012,61,0
0.052414805,4.429400174,0.40383350,0.077946547,0.068967269,1.129841536,4.104853236,0.445000553,0.521589801,0.119875922,0.562756858,0.184409297,0.683885398,25,0
0.166574681,4.932365629,0.52350392,0.791428035,0.167876441,1.338373017,4.185267385,0.032028925,0.656630884,0.199527715,0.165155893,0.002820961,0.714918074,10,0
0.11270739,1.862883748,0.13312756,0.645566431,0.093597364,0.311707465,1.83893687,0.183368811,0.287409721,0.170163131,0.337650967,0.122819176,0.719181811,72,0
0.135643033,1.306627508,0.06027234,0.311970901,0.184615819,4.730899967,1.073011439,0.345889734,0.25683766,0.296458381,0.542455058,0.007549181,0.727742593,59,0
0.202119494,1.287516886,0.06710473,0.615626495,0.22141367,1.024757071,1.237711827,0.106065417,0.30049877,0.30599105,0.339459459,0.094506338,0.734537535,62,0
0.006918978,2.452892766,0.45479789,-0.00304421,0.024058055,1.597847585,2.452892766,0.035421931,0.767827103,0.010619278,0.348451148,0.390887079,0.75405763,73,0
0.034442291,2.009425535,0.17471838,0.616064869,-0.121822809,0.001990358,1.460035305,0.210353172,0.347805318,0.055862037,0.383440113,0.049172323,0.855649528,72,0
0.036248929,1.929893144,0.43997488,0.483089781,0.064866433,1.292383148,1.749450176,0.038474478,0.913120521,0.07422302,0.511620115,0.322437589,0.910667888,46,0
0.017764773,4.017703815,0.65920682,0.636414598,0.043184517,0.89397636,4.013706572,0.091826876,0.877653314,0.025756253,0.31027337,0.453668567,1.07029892,71,0
0.080197439,1.60124398,0.26805522,0.469233116,0.089460094,1.628067687,1.595276465,0,0.713889565,0.144717448,0.445834347,0.089601788,1.174833986,62,0
0.515443816,1.171658536,0.05662861,0.54432363,0.615702834,1.401500187,0.925733099,0.06666237,0.3865196,0.85416636,0.396553365,0.095851989,1.359549205,62,0
0.45968958,2.404780638,0.43124054,0.640667185,0.61790786,1.126887744,1.132843673,0.007536756,0.738221231,0.67060727,0.314517451,0.191581389,1.400299217,21,0
0.134731887,1.317580056,0.21215209,0.233504452,0.190051579,2.351768162,0.647456501,0.019095786,0.880179188,0.430618196,0.687122889,0.06578147,1.401722604,73,0
0.112287894,2.572374529,0.51070426,0.445536106,0.153544667,0.894884772,1.666606007,0.150456159,0.835502365,0.213985337,0.475254261,0.04934184,1.591102549,26,0
0.029294192,3.241851821,0.50570165,0.589907673,0.032448934,1.295049829,2.597164697,0.183449159,0.731274837,0.049569004,0.409022343,0.171405429,5.431042951,43,0
